<Index dataContractVersion="201701" xmlns="http://www.sdltridion.com/ContentManager/ImportExport/Package/2013">
  <Item id="tcm:0-0-0" selected="false" exported="false">
    <Item id="tcm:0-1-1" title="000%20Empty" itemType="Publication" selected="false" exported="true">
      <Item id="tcm:1-1-2" title="Building%20Blocks" itemType="Folder" blueprintStatus="LocalItem" selected="true" exported="true">
        <Item id="8fc87502294241a99f20269356cbb434" title="Default%20Templates" itemType="Folder" selected="false" exported="false">
          <Item id="fa7a99212e224e678eab2d4aa9380d74" title="Default%20Component%20Template" extension="tctcmp" itemType="ComponentTemplate" selected="false" exported="false" />
          <Item id="b621d4a4c11445d490cff5566abe97ef" title="Default%20Dreamweaver%20Page%20Design" extension="dwt" itemType="TemplateBuildingBlock" selected="false" exported="false" />
          <Item id="a850ae0f9fa2450ea149ca54638f126c" title="Default%20Page%20Template" extension="tptcmp" itemType="PageTemplate" selected="false" exported="false" />
        </Item>
        <Item id="5ae65c20f1a445d1aefb7be38f53c84c" title="Default%20Multimedia%20Schema" extension="xsd" itemType="Schema" selected="false" exported="false" />
      </Item>
      <Item id="040a1fe54422493685575e806532201f" title="Task%20Process" extension="tpd" itemType="ProcessDefinition" selected="false" exported="false" />
    </Item>
    <Item id="tcm:0-2-1" title="100%20Master" itemType="Publication" selected="true" exported="true">
      <Item id="tcm:2-1-2" title="Building%20Blocks" itemType="Folder" blueprintStatus="SharedItem" selected="true" exported="true">
        <Item id="c616de747f77430baac5a0be09d6df43" title="Default%20Templates" itemType="Folder" selected="false" exported="false">
          <Item id="92470e0c248d4dea9217a0253ddc3d7d" title="Default%20Component%20Template" extension="tctcmp" itemType="ComponentTemplate" selected="false" exported="false" />
          <Item id="1a67c482e032441bb10660c56d081ba6" title="Default%20Dreamweaver%20Page%20Design" extension="dwt" itemType="TemplateBuildingBlock" selected="false" exported="false" />
        </Item>
        <Item id="4ec43e7a99384dc8a23f985cf540abc6" title="Framework" itemType="Folder" selected="false" exported="false">
          <Item id="09fd004e62114908978d70499346ae46" title="Developer" itemType="Folder" selected="false" exported="false">
            <Item id="5ad0abca8ef4464a96990ff7bd378119" title="Schemas" itemType="Folder" selected="false" exported="false">
              <Item id="1cfe50c3765c4e2dbf3889f912f4f9dd" title="Component%20Template%20Metadata" extension="xsd" itemType="Schema" selected="false" exported="false" />
              <Item id="0408f4b9971a40479181af0982cf221e" title="Module%20Configuration" extension="xsd" itemType="Schema" selected="false" exported="false" />
              <Item id="db6d71267f2e42b582a6f0a901d68776" title="ZIP%20file" extension="xsd" itemType="Schema" selected="false" exported="false" />
            </Item>
            <Item id="d43fd2b0106346baab1f35d6d6dca312" title="Templates" itemType="Folder" selected="false" exported="false">
              <Item id="c41eea35fd404aa59106d4a4c714e191" title="DXA%2ER2" itemType="Folder" selected="false" exported="false">
                <Item id="4f05489e36c6415090c53d21319961b2" title="Default%20Component%20Template%20Finish%20Actions" extension="tbbcmp" itemType="TemplateBuildingBlock" selected="false" exported="false" />
                <Item id="a22849fb979b420a93d2070817d3e1ac" title="Render%20Component%20Content" extension="tbbcmp" itemType="TemplateBuildingBlock" selected="false" exported="false" />
              </Item>
            </Item>
          </Item>
          <Item id="500f8ddb0fc74329a4f3bbba899be3ca" title="Site%20Manager" itemType="Folder" selected="false" exported="false">
            <Item id="0a1cc64281074a58bf50eb588238f31b" title="Schemas" itemType="Folder" selected="false" exported="false">
              <Item id="993b1dbd8c64464fb3960dcc4e81b802" title="HTML%20Design%20Configuration" extension="xsd" itemType="Schema" selected="false" exported="false" />
            </Item>
          </Item>
        </Item>
        <Item id="tcm:2-6-2" title="Modules" itemType="Folder" blueprintStatus="LocalItem" selected="true" exported="true">
          <Item id="tcm:2-1072-2" title="CRM" itemType="Folder" blueprintStatus="LocalItem" selected="true" exported="true">
            <Item id="tcm:2-1089-2" title="Admin" itemType="Folder" blueprintStatus="LocalItem" selected="true" exported="true">
              <Item id="tcm:2-1388" title="CRM%20HTML%20Design" extension="zip" itemType="Component" subtype="1" blueprintStatus="LocalItem" selected="true" exported="true" />
              <Item id="tcm:2-1390" title="CRM" extension="xml" itemType="Component" blueprintStatus="LocalItem" selected="true" exported="true" />
            </Item>
            <Item id="tcm:2-1073-2" title="Editor" itemType="Folder" blueprintStatus="LocalItem" selected="true" exported="true">
              <Item id="tcm:2-1074-2" title="Schemas" itemType="Folder" blueprintStatus="LocalItem" selected="true" exported="true">
                <Item id="tcm:2-5605-8" title="Tracking%20Widget" extension="xsd" itemType="Schema" blueprintStatus="LocalItem" selected="true" exported="true" />
              </Item>
              <Item id="tcm:2-1075-2" title="Templates" itemType="Folder" blueprintStatus="LocalItem" selected="true" exported="true">
                <Item id="tcm:2-5606-32" title="Tracking%20Widget" extension="tctcmp" itemType="ComponentTemplate" blueprintStatus="LocalItem" selected="true" exported="true" />
              </Item>
            </Item>
          </Item>
          <Item id="23747cd4911c499385cfe6fd945d80d0" title="Core" itemType="Folder" selected="false" exported="false">
            <Item id="a195dfabb1c2469eb23a3a7b43eb756b" title="Editor" itemType="Folder" selected="false" exported="false">
              <Item id="644d1960f8a543f7ba38ef9ad1b5b9fc" title="Templates" itemType="Folder" selected="false" exported="false">
                <Item id="2a21dae575fd4d8db62377de5b5317ae" title="Content%20Page" extension="tptcmp" itemType="PageTemplate" selected="false" exported="false" />
              </Item>
            </Item>
          </Item>
        </Item>
        <Item id="tcm:2-21-2" title="Settings" itemType="Folder" blueprintStatus="LocalItem" selected="true" exported="true">
          <Item id="tcm:2-1090-2" title="CRM" itemType="Folder" blueprintStatus="LocalItem" selected="true" exported="true">
            <Item id="tcm:2-1091-2" title="Site%20Manager" itemType="Folder" blueprintStatus="LocalItem" selected="true" exported="true">
              <Item id="tcm:2-1389" title="CRM%20HTML%20Design%20Configuration" extension="xml" itemType="Component" blueprintStatus="LocalItem" selected="true" exported="true" />
            </Item>
          </Item>
        </Item>
        <Item id="6d700d0946ae4e42881d9cf8cef16020" title="Default%20Multimedia%20Schema" extension="xsd" itemType="Schema" selected="false" exported="false" />
      </Item>
      <Item id="tcm:2-6289-512" title="CRM%20Tracking%20Category" itemType="Category" blueprintStatus="LocalItem" selected="true" exported="true" />
      <Item id="6c24fd2a38fe46db85f69d318ed28887" title="Task%20Process" extension="tpd" itemType="ProcessDefinition" selected="false" exported="false" />
    </Item>
    <Item id="tcm:0-24-65544" title="Zip%20file" extension="tmt" itemType="MultimediaType" selected="false" exported="true" />
  </Item>
</Index>