<Index dataContractVersion="201701" xmlns="http://www.sdltridion.com/ContentManager/ImportExport/Package/2013">
  <Item id="tcm:0-0-0" selected="false" exported="false">
    <Item id="tcm:0-1-1" title="000%20Empty" itemType="Publication" selected="false" exported="true">
      <Item id="tcm:1-1-2" title="Building%20Blocks" itemType="Folder" blueprintStatus="LocalItem" selected="true" exported="true">
        <Item id="bcfc21284f784b17a7772e16f1b1b985" title="Default%20Templates" itemType="Folder" selected="false" exported="false">
          <Item id="a05f75c9ce184acca157222f7ace7c19" title="Default%20Component%20Template" extension="tctcmp" itemType="ComponentTemplate" selected="false" exported="false" />
          <Item id="bc860e8f962549ef832a5c8fe8ef5f42" title="Default%20Dreamweaver%20Page%20Design" extension="dwt" itemType="TemplateBuildingBlock" selected="false" exported="false" />
          <Item id="46dc1ff822094d6ca5aa863fe65834d6" title="Default%20Page%20Template" extension="tptcmp" itemType="PageTemplate" selected="false" exported="false" />
        </Item>
        <Item id="38cc5539705f472c9d627cd5b0934138" title="Default%20Multimedia%20Schema" extension="xsd" itemType="Schema" selected="false" exported="false" />
      </Item>
      <Item id="0cf5216e20f14237b8b68af1224cec8f" title="Task%20Process" extension="tpd" itemType="ProcessDefinition" selected="false" exported="false" />
    </Item>
    <Item id="tcm:0-2-1" title="100%20Master" itemType="Publication" selected="true" exported="true">
      <Item id="tcm:2-1-2" title="Building%20Blocks" itemType="Folder" blueprintStatus="SharedItem" selected="true" exported="true">
        <Item id="fcadc203fd6543dabc1b7d31cac7949d" title="Default%20Templates" itemType="Folder" selected="false" exported="false">
          <Item id="563ddf9c1bc142838173f3fc50a840df" title="Default%20Component%20Template" extension="tctcmp" itemType="ComponentTemplate" selected="false" exported="false" />
          <Item id="47ed29851c494d5dbfd9b398d5a4cd43" title="Default%20Dreamweaver%20Page%20Design" extension="dwt" itemType="TemplateBuildingBlock" selected="false" exported="false" />
        </Item>
        <Item id="tcm:2-10-2" title="Framework" itemType="Folder" blueprintStatus="LocalItem" selected="true" exported="true">
          <Item id="tcm:2-11-2" title="Developer" itemType="Folder" blueprintStatus="LocalItem" selected="true" exported="true">
            <Item id="70ccd121c0f84f9f825bce05bfae3e51" title="Schemas" itemType="Folder" selected="false" exported="false">
              <Item id="e13f074c456f4b0d89e0015843b08f09" title="Component%20Template%20Metadata" extension="xsd" itemType="Schema" selected="false" exported="false" />
            </Item>
            <Item id="tcm:2-13-2" title="Templates" itemType="Folder" blueprintStatus="LocalItem" selected="true" exported="true">
              <Item id="tcm:2-14-2" title="DXA%2ER2" itemType="Folder" blueprintStatus="LocalItem" selected="true" exported="true">
                <Item id="d7c10786df344f3d910ef4921a853935" title="Default%20Component%20Template%20Finish%20Actions" extension="tbbcmp" itemType="TemplateBuildingBlock" selected="false" exported="false" />
                <Item id="79be7441038f45179e74f26f81e6cb2b" title="Render%20Component%20Content" extension="tbbcmp" itemType="TemplateBuildingBlock" selected="false" exported="false" />
                <Item id="tcm:2-83-2048" title="Render%20Component%20Presentations" extension="tbbcs" itemType="TemplateBuildingBlock" blueprintStatus="LocalItem" selected="true" exported="true" />
                <Item id="98afea93588a44089d2281a3e24367b1" title="Sdl%2EWeb%2ETridion%2ETemplates%2ER2%2Emerged" extension="tbbasm" itemType="TemplateBuildingBlock" selected="false" exported="false" />
              </Item>
            </Item>
          </Item>
        </Item>
        <Item id="tcm:2-6-2" title="Modules" itemType="Folder" blueprintStatus="LocalItem" selected="true" exported="true">
          <Item id="c82ad4389d974eaf986f5c9616058a41" title="Core" itemType="Folder" selected="false" exported="false">
            <Item id="bde7124d314c4094ae80eac50a674d69" title="Editor" itemType="Folder" selected="false" exported="false">
              <Item id="6bca827ce19840c09db50c678b389897" title="Templates" itemType="Folder" selected="false" exported="false">
                <Item id="6aac0112f0a2466bbd7f64f27dc6da61" title="Content%20Page" extension="tptcmp" itemType="PageTemplate" selected="false" exported="false" />
              </Item>
            </Item>
          </Item>
          <Item id="tcm:2-1106-2" title="ExternalContent" itemType="Folder" blueprintStatus="LocalItem" selected="true" exported="true">
            <Item id="tcm:2-1107-2" title="Editor" itemType="Folder" blueprintStatus="LocalItem" selected="true" exported="true">
              <Item id="tcm:2-8438-2" title="Schemas" itemType="Folder" blueprintStatus="LocalItem" selected="true" exported="true">
                <Item id="tcm:2-7721-8" title="Video%20Component%20Template%20Metadata" extension="xsd" itemType="Schema" subtype="3" blueprintStatus="LocalItem" selected="true" exported="true" />
              </Item>
              <Item id="tcm:2-1108-2" title="Templates" itemType="Folder" blueprintStatus="LocalItem" selected="true" exported="true">
                <Item id="tcm:2-8452-2" title="Integration%20TBBs" itemType="Folder" blueprintStatus="LocalItem" selected="true" exported="true">
                  <Item id="tcm:2-7736-2048" title="Extract%20Template%20ECL%20Metadata" extension="tbbcs" itemType="TemplateBuildingBlock" blueprintStatus="LocalItem" selected="true" exported="true" />
                  <Item id="tcm:2-7735-2048" title="Sdl%2EDxa%2EIntegration%2ETbb" extension="tbbasm" itemType="TemplateBuildingBlock" blueprintStatus="LocalItem" selected="true" exported="true" />
                </Item>
                <Item id="tcm:2-1403-32" title="External%20Content" extension="tctcmp" itemType="ComponentTemplate" blueprintStatus="LocalItem" selected="true" exported="true" />
                <Item id="tcm:2-1429-32" title="External%20Image" extension="tctcmp" itemType="ComponentTemplate" blueprintStatus="LocalItem" selected="true" exported="true" />
                <Item id="tcm:2-7734-32" title="External%20Video%20%28Big%20Screen%29" extension="tctcmp" itemType="ComponentTemplate" blueprintStatus="LocalItem" selected="true" exported="true" />
                <Item id="tcm:2-7717-32" title="External%20Video" extension="tctcmp" itemType="ComponentTemplate" blueprintStatus="LocalItem" selected="true" exported="true" />
              </Item>
            </Item>
          </Item>
        </Item>
        <Item id="a8576b504b6444cd800ad7a9d307d47b" title="Default%20Multimedia%20Schema" extension="xsd" itemType="Schema" selected="false" exported="false" />
      </Item>
      <Item id="bb770c56a9464b229331c471c54a9f1b" title="Task%20Process" extension="tpd" itemType="ProcessDefinition" selected="false" exported="false" />
    </Item>
  </Item>
</Index>