<Mappings xmlns="http://www.sdltridion.com/ContentManager/ImportExport/Package/2013">
  <ItemSet role="Publication">
    <Mapping exportTitle="000%20Empty" importTitle="" />
    <Mapping exportTitle="100%20Master" importTitle="" />
  </ItemSet>
  <ItemSet role="Folder">
    <Mapping exportContext="/000%20Empty" exportTitle="Building%20Blocks" importContext="" importTitle="" />
    <Mapping exportContext="/000%20Empty/Building%20Blocks" exportTitle="Default%20Templates" importContext="" importTitle="" />
    <Mapping exportContext="/100%20Master" exportTitle="Building%20Blocks" importContext="" importTitle="" />
    <Mapping exportContext="/100%20Master/Building%20Blocks" exportTitle="Default%20Templates" importContext="" importTitle="" />
    <Mapping exportContext="/100%20Master/Building%20Blocks" exportTitle="Framework" importContext="" importTitle="" />
    <Mapping exportContext="/100%20Master/Building%20Blocks/Framework" exportTitle="Developer" importContext="" importTitle="" />
    <Mapping exportContext="/100%20Master/Building%20Blocks/Framework/Developer" exportTitle="Schemas" importContext="" importTitle="" />
    <Mapping exportContext="/100%20Master/Building%20Blocks/Framework/Developer" exportTitle="Templates" importContext="" importTitle="" />
    <Mapping exportContext="/100%20Master/Building%20Blocks/Framework/Developer/Templates" exportTitle="DXA%2ER2" importContext="" importTitle="" />
    <Mapping exportContext="/100%20Master/Building%20Blocks" exportTitle="Modules" importContext="" importTitle="" />
    <Mapping exportContext="/100%20Master/Building%20Blocks/Modules" exportTitle="Core" importContext="" importTitle="" />
    <Mapping exportContext="/100%20Master/Building%20Blocks/Modules/Core" exportTitle="Editor" importContext="" importTitle="" />
    <Mapping exportContext="/100%20Master/Building%20Blocks/Modules/Core/Editor" exportTitle="Templates" importContext="" importTitle="" />
    <Mapping exportContext="/100%20Master/Building%20Blocks/Modules" exportTitle="ExternalContent" importContext="" importTitle="" />
    <Mapping exportContext="/100%20Master/Building%20Blocks/Modules/ExternalContent" exportTitle="Editor" importContext="" importTitle="" />
    <Mapping exportContext="/100%20Master/Building%20Blocks/Modules/ExternalContent/Editor" exportTitle="Schemas" importContext="" importTitle="" />
    <Mapping exportContext="/100%20Master/Building%20Blocks/Modules/ExternalContent/Editor" exportTitle="Templates" importContext="" importTitle="" />
    <Mapping exportContext="/100%20Master/Building%20Blocks/Modules/ExternalContent/Editor/Templates" exportTitle="Integration%20TBBs" importContext="" importTitle="" />
  </ItemSet>
  <ItemSet role="Schema">
    <Mapping exportContext="/000%20Empty/Building%20Blocks" exportTitle="Default%20Multimedia%20Schema.xsd" importContext="" importTitle="" />
    <Mapping exportContext="/100%20Master/Building%20Blocks" exportTitle="Default%20Multimedia%20Schema.xsd" importContext="" importTitle="" />
    <Mapping exportContext="/100%20Master/Building%20Blocks/Framework/Developer/Schemas" exportTitle="Component%20Template%20Metadata.xsd" importContext="" importTitle="" />
    <Mapping exportContext="/100%20Master/Building%20Blocks/Modules/ExternalContent/Editor/Schemas" exportTitle="Video%20Component%20Template%20Metadata.xsd" importContext="" importTitle="" />
  </ItemSet>
  <ItemSet role="ComponentTemplate">
    <Mapping exportContext="/000%20Empty/Building%20Blocks/Default%20Templates" exportTitle="Default%20Component%20Template.tctcmp" importContext="" importTitle="" />
    <Mapping exportContext="/100%20Master/Building%20Blocks/Default%20Templates" exportTitle="Default%20Component%20Template.tctcmp" importContext="" importTitle="" />
    <Mapping exportContext="/100%20Master/Building%20Blocks/Modules/ExternalContent/Editor/Templates" exportTitle="External%20Content.tctcmp" importContext="" importTitle="" />
    <Mapping exportContext="/100%20Master/Building%20Blocks/Modules/ExternalContent/Editor/Templates" exportTitle="External%20Image.tctcmp" importContext="" importTitle="" />
    <Mapping exportContext="/100%20Master/Building%20Blocks/Modules/ExternalContent/Editor/Templates" exportTitle="External%20Video%20%28Big%20Screen%29.tctcmp" importContext="" importTitle="" />
    <Mapping exportContext="/100%20Master/Building%20Blocks/Modules/ExternalContent/Editor/Templates" exportTitle="External%20Video.tctcmp" importContext="" importTitle="" />
  </ItemSet>
  <ItemSet role="PageTemplate">
    <Mapping exportContext="/000%20Empty/Building%20Blocks/Default%20Templates" exportTitle="Default%20Page%20Template.tptcmp" importContext="" importTitle="" />
    <Mapping exportContext="/100%20Master/Building%20Blocks/Modules/Core/Editor/Templates" exportTitle="Content%20Page.tptcmp" importContext="" importTitle="" />
  </ItemSet>
  <ItemSet role="TemplateBuildingBlock">
    <Mapping exportContext="/000%20Empty/Building%20Blocks/Default%20Templates" exportTitle="Default%20Dreamweaver%20Page%20Design.dwt" importContext="" importTitle="" />
    <Mapping exportContext="/100%20Master/Building%20Blocks/Default%20Templates" exportTitle="Default%20Dreamweaver%20Page%20Design.dwt" importContext="" importTitle="" />
    <Mapping exportContext="/100%20Master/Building%20Blocks/Framework/Developer/Templates/DXA%2ER2" exportTitle="Default%20Component%20Template%20Finish%20Actions.tbbcmp" importContext="" importTitle="" />
    <Mapping exportContext="/100%20Master/Building%20Blocks/Framework/Developer/Templates/DXA%2ER2" exportTitle="Render%20Component%20Content.tbbcmp" importContext="" importTitle="" />
    <Mapping exportContext="/100%20Master/Building%20Blocks/Framework/Developer/Templates/DXA%2ER2" exportTitle="Render%20Component%20Presentations.tbbcs" importContext="" importTitle="" />
    <Mapping exportContext="/100%20Master/Building%20Blocks/Framework/Developer/Templates/DXA%2ER2" exportTitle="Sdl%2EWeb%2ETridion%2ETemplates%2ER2%2Emerged.tbbasm" importContext="" importTitle="" />
    <Mapping exportContext="/100%20Master/Building%20Blocks/Modules/ExternalContent/Editor/Templates/Integration%20TBBs" exportTitle="Extract%20Template%20ECL%20Metadata.tbbcs" importContext="" importTitle="" />
    <Mapping exportContext="/100%20Master/Building%20Blocks/Modules/ExternalContent/Editor/Templates/Integration%20TBBs" exportTitle="Sdl%2EDxa%2EIntegration%2ETbb.tbbasm" importContext="" importTitle="" />
  </ItemSet>
  <ItemSet role="ProcessDefinition">
    <Mapping exportContext="/000%20Empty" exportTitle="Task%20Process.tpd" importContext="" importTitle="" />
    <Mapping exportContext="/100%20Master" exportTitle="Task%20Process.tpd" importContext="" importTitle="" />
  </ItemSet>
</Mappings>