<PackageItem xmlns:tcm="http://www.tridion.com/ContentManager/5.0" xmlns:xlink="http://www.w3.org/1999/xlink" xmlns:xsd="http://www.w3.org/2001/XMLSchema" xmlns="http://www.sdltridion.com/ContentManager/ImportExport/Package/2013">
  <Data>
    <tcm:Data xmlns:tcmi="http://www.tridion.com/ContentManager/5.0/Instance" xmlns:xlink="http://www.w3.org/1999/xlink" xmlns:i="http://www.w3.org/2001/XMLSchema-instance">
      <tcm:Title>Static Form Field</tcm:Title>
      <tcm:Description>Static Form Field</tcm:Description>
      <tcm:Purpose>Embedded</tcm:Purpose>
      <tcm:NamespaceURI />
      <tcm:IsIndexable>false</tcm:IsIndexable>
      <tcm:IsPublishable>false</tcm:IsPublishable>
      <tcm:RootElementName>StaticFormField</tcm:RootElementName>
      <tcm:IsTridionWebSchema>true</tcm:IsTridionWebSchema>
      <tcm:XSD>
        <xsd:schema xmlns:xsd="http://www.w3.org/2001/XMLSchema" xmlns:tcmi="http://www.tridion.com/ContentManager/5.0/Instance" xmlns="" elementFormDefault="qualified">
  <xsd:import namespace="http://www.tridion.com/ContentManager/5.0/Instance" schemaLocation="/webdav/cm_xml_inst.xsd" />
  <xsd:annotation>
    <xsd:appinfo>
      <tcm:Labels xmlns:tcm="http://www.tridion.com/ContentManager/5.0">
        <tcm:Label ElementName="externalField" Metadata="false">External Field</tcm:Label>
        <tcm:Label ElementName="fieldValue" Metadata="false">Field Value</tcm:Label>
      </tcm:Labels>
    </xsd:appinfo>
  </xsd:annotation>
  <xsd:complexType name="StaticFormField">
    <xsd:sequence>
      <xsd:element name="externalField" minOccurs="0" maxOccurs="1" type="tcmi:SimpleLink">
        <xsd:annotation>
          <xsd:appinfo>
            <tcm:IsPublishable xmlns:tcm="http://www.tridion.com/ContentManager/5.0">true</tcm:IsPublishable>
            <tcm:IsIndexable xmlns:tcm="http://www.tridion.com/ContentManager/5.0">true</tcm:IsIndexable>
            <ExtensionXml xmlns="http://www.tridion.com/ContentManager/5.0" />
            <tcm:linktype xmlns:tcm="http://www.tridion.com/ContentManager/5.0">MultimediaLink</tcm:linktype>
          </xsd:appinfo>
        </xsd:annotation>
      </xsd:element>
      <xsd:element name="fieldValue" minOccurs="0" maxOccurs="1" type="xsd:normalizedString">
        <xsd:annotation>
          <xsd:appinfo>
            <tcm:IsPublishable xmlns:tcm="http://www.tridion.com/ContentManager/5.0">true</tcm:IsPublishable>
            <tcm:IsIndexable xmlns:tcm="http://www.tridion.com/ContentManager/5.0">true</tcm:IsIndexable>
            <ExtensionXml xmlns="http://www.tridion.com/ContentManager/5.0" />
            <tcm:UseForAutoClassification xmlns:tcm="http://www.tridion.com/ContentManager/5.0">true</tcm:UseForAutoClassification>
          </xsd:appinfo>
        </xsd:annotation>
      </xsd:element>
    </xsd:sequence>
  </xsd:complexType>
</xsd:schema>
      </tcm:XSD>
      <tcm:AllowedMultimediaTypes />
      <tcm:ComponentProcess xlink:type="simple" xlink:title="" xlink:href="tcm:0-0-0" />
      <tcm:BundleProcess xlink:type="simple" xlink:title="" xlink:href="tcm:0-0-0" />
      <tcm:DeleteBundleOnProcessFinished>false</tcm:DeleteBundleOnProcessFinished>
    </tcm:Data>
  </Data>
  <Dependencies>
    <Dependency dependencyType="Publication" itemUrl="/webdav/100%20Master" linkName="LocationInfo/ContextRepository" />
    <Dependency dependencyType="OrganizationalItemFolder" itemUrl="/webdav/100%20Master/Building%20Blocks/Modules/IntegrationForm/Editor/Schemas" linkName="LocationInfo/OrganizationalItem" />
  </Dependencies>
</PackageItem>