<PackageItem xmlns:tcm="http://www.tridion.com/ContentManager/5.0" xmlns:xlink="http://www.w3.org/1999/xlink" xmlns:xsd="http://www.w3.org/2001/XMLSchema" xmlns="http://www.sdltridion.com/ContentManager/ImportExport/Package/2013">
  <Data>
    <tcm:Data xmlns:tcmi="http://www.tridion.com/ContentManager/5.0/Instance" xmlns:xlink="http://www.w3.org/1999/xlink" xmlns:i="http://www.w3.org/2001/XMLSchema-instance">
      <tcm:Title>Form Field</tcm:Title>
      <tcm:Description>Form Field</tcm:Description>
      <tcm:Purpose>Embedded</tcm:Purpose>
      <tcm:NamespaceURI />
      <tcm:IsIndexable>false</tcm:IsIndexable>
      <tcm:IsPublishable>false</tcm:IsPublishable>
      <tcm:RootElementName>FormField</tcm:RootElementName>
      <tcm:IsTridionWebSchema>true</tcm:IsTridionWebSchema>
      <tcm:XSD>
        <xsd:schema xmlns:xsd="http://www.w3.org/2001/XMLSchema" xmlns:tcmi="http://www.tridion.com/ContentManager/5.0/Instance" xmlns:category="tcm:0-2-1/Categories.xsd" xmlns="" elementFormDefault="qualified">
  <xsd:import namespace="http://www.tridion.com/ContentManager/5.0/Instance" schemaLocation="/webdav/cm_xml_inst.xsd" />
  <xsd:include schemaLocation="/webdav/100%20Master/Building%20Blocks/Modules/IntegrationForm/Editor/Schemas/Form%20Field%20Validation%20Metadata.xsd" />
  <xsd:import namespace="tcm:0-2-1/Categories.xsd" schemaLocation="/webdav/100%20Master/Categories.xsd" />
  <xsd:annotation>
    <xsd:appinfo>
      <tcm:Labels xmlns:tcm="http://www.tridion.com/ContentManager/5.0">
        <tcm:Label ElementName="label" Metadata="false">Label</tcm:Label>
        <tcm:Label ElementName="externalField" Metadata="false">External Field</tcm:Label>
        <tcm:Label ElementName="fieldValidation" Metadata="false">Field Validation</tcm:Label>
        <tcm:Label ElementName="fieldValidationMetadata" Metadata="false">Field Validation Metadata</tcm:Label>
      </tcm:Labels>
    </xsd:appinfo>
  </xsd:annotation>
  <xsd:complexType name="FormField">
    <xsd:sequence>
      <xsd:element name="label" minOccurs="0" maxOccurs="1" type="xsd:normalizedString">
        <xsd:annotation>
          <xsd:appinfo>
            <tcm:IsPublishable xmlns:tcm="http://www.tridion.com/ContentManager/5.0">true</tcm:IsPublishable>
            <tcm:IsIndexable xmlns:tcm="http://www.tridion.com/ContentManager/5.0">true</tcm:IsIndexable>
            <ExtensionXml xmlns="http://www.tridion.com/ContentManager/5.0" />
            <tcm:UseForAutoClassification xmlns:tcm="http://www.tridion.com/ContentManager/5.0">true</tcm:UseForAutoClassification>
          </xsd:appinfo>
        </xsd:annotation>
      </xsd:element>
      <xsd:element name="externalField" minOccurs="0" maxOccurs="1" type="tcmi:SimpleLink">
        <xsd:annotation>
          <xsd:appinfo>
            <tcm:IsPublishable xmlns:tcm="http://www.tridion.com/ContentManager/5.0">true</tcm:IsPublishable>
            <tcm:IsIndexable xmlns:tcm="http://www.tridion.com/ContentManager/5.0">true</tcm:IsIndexable>
            <ExtensionXml xmlns="http://www.tridion.com/ContentManager/5.0" />
            <tcm:linktype xmlns:tcm="http://www.tridion.com/ContentManager/5.0">MultimediaLink</tcm:linktype>
          </xsd:appinfo>
        </xsd:annotation>
      </xsd:element>
      <xsd:element name="fieldValidation" minOccurs="0" maxOccurs="unbounded" type="category:IntegrationFormFieldValidation">
        <xsd:annotation>
          <xsd:appinfo>
            <tcm:IsPublishable xmlns:tcm="http://www.tridion.com/ContentManager/5.0">true</tcm:IsPublishable>
            <tcm:IsIndexable xmlns:tcm="http://www.tridion.com/ContentManager/5.0">true</tcm:IsIndexable>
            <ExtensionXml xmlns="http://www.tridion.com/ContentManager/5.0" />
            <tcm:AllowAutoClassification xmlns:tcm="http://www.tridion.com/ContentManager/5.0">false</tcm:AllowAutoClassification>
            <tcm:Size xmlns:tcm="http://www.tridion.com/ContentManager/5.0">1</tcm:Size>
            <tcm:listtype xmlns:tcm="http://www.tridion.com/ContentManager/5.0">tree</tcm:listtype>
          </xsd:appinfo>
        </xsd:annotation>
      </xsd:element>
      <xsd:element name="fieldValidationMetadata" minOccurs="0" maxOccurs="unbounded" type="FieldValidationMetadata">
        <xsd:annotation>
          <xsd:appinfo>
            <ExtensionXml xmlns="http://www.tridion.com/ContentManager/5.0" />
            <tcm:EmbeddedSchema xmlns:tcm="http://www.tridion.com/ContentManager/5.0" xmlns:xlink="http://www.w3.org/1999/xlink" xlink:href="/webdav/100%20Master/Building%20Blocks/Modules/IntegrationForm/Editor/Schemas/Form%20Field%20Validation%20Metadata.xsd" xlink:title="Form Field Validation Metadata" />
          </xsd:appinfo>
        </xsd:annotation>
      </xsd:element>
    </xsd:sequence>
  </xsd:complexType>
</xsd:schema>
      </tcm:XSD>
      <tcm:AllowedMultimediaTypes />
      <tcm:ComponentProcess xlink:type="simple" xlink:title="" xlink:href="tcm:0-0-0" />
      <tcm:BundleProcess xlink:type="simple" xlink:title="" xlink:href="tcm:0-0-0" />
      <tcm:DeleteBundleOnProcessFinished>false</tcm:DeleteBundleOnProcessFinished>
    </tcm:Data>
  </Data>
  <Dependencies>
    <Dependency dependencyType="Publication" itemUrl="/webdav/100%20Master" linkName="LocationInfo/ContextRepository" />
    <Dependency dependencyType="OrganizationalItemFolder" itemUrl="/webdav/100%20Master/Building%20Blocks/Modules/IntegrationForm/Editor/Schemas" linkName="LocationInfo/OrganizationalItem" />
    <Dependency dependencyType="Category" itemUrl="/webdav/100%20Master/Integration%20Form%20Field%20Validation" linkName="Xsd" />
    <Dependency dependencyType="EmbeddedSchema" itemUrl="/webdav/100%20Master/Building%20Blocks/Modules/IntegrationForm/Editor/Schemas/Form%20Field%20Validation%20Metadata.xsd" linkName="Xsd" xpath="xsd:schema[1]/xsd:include[1]/@schemaLocation" />
    <Dependency dependencyType="EmbeddedSchema" itemUrl="/webdav/100%20Master/Building%20Blocks/Modules/IntegrationForm/Editor/Schemas/Form%20Field%20Validation%20Metadata.xsd" linkName="Xsd" xpath="xsd:schema[1]/xsd:complexType[1]/xsd:sequence[1]/xsd:element[4]/xsd:annotation[1]/xsd:appinfo[1]/tcm:EmbeddedSchema[1]/@xlink:href" />
  </Dependencies>
</PackageItem>