<PackageItem xmlns:tcm="http://www.tridion.com/ContentManager/5.0" xmlns:xlink="http://www.w3.org/1999/xlink" xmlns:xsd="http://www.w3.org/2001/XMLSchema" xmlns="http://www.sdltridion.com/ContentManager/ImportExport/Package/2013">
  <Data>
    <tcm:Data xmlns:tcmi="http://www.tridion.com/ContentManager/5.0/Instance" xmlns:xlink="http://www.w3.org/1999/xlink" xmlns:i="http://www.w3.org/2001/XMLSchema-instance">
      <tcm:Title>Invisible Form Widget</tcm:Title>
      <tcm:Description>Invisible Form Widget</tcm:Description>
      <tcm:Purpose>Component</tcm:Purpose>
      <tcm:NamespaceURI>uuid:3f294597-6352-4600-982f-814c5b596b70</tcm:NamespaceURI>
      <tcm:IsIndexable>false</tcm:IsIndexable>
      <tcm:IsPublishable>false</tcm:IsPublishable>
      <tcm:RootElementName>InvisibleFormWidget</tcm:RootElementName>
      <tcm:IsTridionWebSchema>true</tcm:IsTridionWebSchema>
      <tcm:XSD>
        <xsd:schema xmlns:xsd="http://www.w3.org/2001/XMLSchema" xmlns="uuid:3f294597-6352-4600-982f-814c5b596b70" xmlns:tcmi="http://www.tridion.com/ContentManager/5.0/Instance" elementFormDefault="qualified" targetNamespace="uuid:3f294597-6352-4600-982f-814c5b596b70">
  <xsd:import namespace="http://www.tridion.com/ContentManager/5.0/Instance" schemaLocation="/webdav/cm_xml_inst.xsd" />
  <xsd:include schemaLocation="/webdav/100%20Master/Building%20Blocks/Modules/IntegrationForm/Editor/Schemas/Integration%20Field.xsd" />
  <xsd:annotation>
    <xsd:appinfo>
      <tcm:Labels xmlns:tcm="http://www.tridion.com/ContentManager/5.0">
        <tcm:Label ElementName="title" Metadata="false">Title</tcm:Label>
        <tcm:Label ElementName="namespaceId" Metadata="false">Namespace ID (aka connector ID)</tcm:Label>
        <tcm:Label ElementName="objectType" Metadata="false">Object Type</tcm:Label>
        <tcm:Label ElementName="operationType" Metadata="false">Operation Type</tcm:Label>
        <tcm:Label ElementName="fields" Metadata="false">Fields</tcm:Label>
      </tcm:Labels>
    </xsd:appinfo>
  </xsd:annotation>
  <xsd:element name="InvisibleFormWidget">
    <xsd:complexType>
      <xsd:sequence>
        <xsd:element name="title" minOccurs="1" maxOccurs="1" type="xsd:normalizedString">
          <xsd:annotation>
            <xsd:appinfo>
              <tcm:IsPublishable xmlns:tcm="http://www.tridion.com/ContentManager/5.0">true</tcm:IsPublishable>
              <tcm:IsIndexable xmlns:tcm="http://www.tridion.com/ContentManager/5.0">true</tcm:IsIndexable>
              <ExtensionXml xmlns="http://www.tridion.com/ContentManager/5.0" />
              <tcm:UseForAutoClassification xmlns:tcm="http://www.tridion.com/ContentManager/5.0">true</tcm:UseForAutoClassification>
            </xsd:appinfo>
          </xsd:annotation>
        </xsd:element>
        <xsd:element name="namespaceId" minOccurs="1" maxOccurs="1" type="xsd:normalizedString">
          <xsd:annotation>
            <xsd:appinfo>
              <tcm:IsPublishable xmlns:tcm="http://www.tridion.com/ContentManager/5.0">true</tcm:IsPublishable>
              <tcm:IsIndexable xmlns:tcm="http://www.tridion.com/ContentManager/5.0">true</tcm:IsIndexable>
              <tcm:ExtensionXml xmlns:tcm="http://www.tridion.com/ContentManager/5.0" />
              <tcm:UseForAutoClassification xmlns:tcm="http://www.tridion.com/ContentManager/5.0">true</tcm:UseForAutoClassification>
            </xsd:appinfo>
          </xsd:annotation>
        </xsd:element>
        <xsd:element name="objectType" minOccurs="1" maxOccurs="1" type="xsd:normalizedString">
          <xsd:annotation>
            <xsd:appinfo>
              <tcm:IsPublishable xmlns:tcm="http://www.tridion.com/ContentManager/5.0">true</tcm:IsPublishable>
              <tcm:IsIndexable xmlns:tcm="http://www.tridion.com/ContentManager/5.0">true</tcm:IsIndexable>
              <ExtensionXml xmlns="http://www.tridion.com/ContentManager/5.0" />
              <tcm:UseForAutoClassification xmlns:tcm="http://www.tridion.com/ContentManager/5.0">true</tcm:UseForAutoClassification>
            </xsd:appinfo>
          </xsd:annotation>
        </xsd:element>
        <xsd:element name="operationType" minOccurs="1" maxOccurs="1">
          <xsd:annotation>
            <xsd:appinfo>
              <tcm:IsPublishable xmlns:tcm="http://www.tridion.com/ContentManager/5.0">true</tcm:IsPublishable>
              <tcm:IsIndexable xmlns:tcm="http://www.tridion.com/ContentManager/5.0">true</tcm:IsIndexable>
              <ExtensionXml xmlns="http://www.tridion.com/ContentManager/5.0" />
              <tcm:UseForAutoClassification xmlns:tcm="http://www.tridion.com/ContentManager/5.0">true</tcm:UseForAutoClassification>
              <tcm:DefaultTextValue xmlns:tcm="http://www.tridion.com/ContentManager/5.0">create</tcm:DefaultTextValue>
              <tcm:Size xmlns:tcm="http://www.tridion.com/ContentManager/5.0">1</tcm:Size>
              <tcm:listtype xmlns:tcm="http://www.tridion.com/ContentManager/5.0">select</tcm:listtype>
            </xsd:appinfo>
          </xsd:annotation>
          <xsd:simpleType>
            <xsd:restriction base="xsd:normalizedString">
              <xsd:enumeration value="create" />
              <xsd:enumeration value="update" />
              <xsd:enumeration value="delete" />
            </xsd:restriction>
          </xsd:simpleType>
        </xsd:element>
        <xsd:element name="fields" minOccurs="0" maxOccurs="unbounded" type="IntegrationField">
          <xsd:annotation>
            <xsd:appinfo>
              <ExtensionXml xmlns="http://www.tridion.com/ContentManager/5.0">
          <configuration xmlns="http://www.sdltridion.com/2011/SiteEdit">
            <field>
              <editable>false</editable>
            </field>
          </configuration>
        </ExtensionXml>
              <tcm:EmbeddedSchema xmlns:tcm="http://www.tridion.com/ContentManager/5.0" xmlns:xlink="http://www.w3.org/1999/xlink" xlink:href="/webdav/100%20Master/Building%20Blocks/Modules/IntegrationForm/Editor/Schemas/Integration%20Field.xsd" xlink:title="Integration Field" />
            </xsd:appinfo>
          </xsd:annotation>
        </xsd:element>
      </xsd:sequence>
    </xsd:complexType>
  </xsd:element>
</xsd:schema>
      </tcm:XSD>
      <tcm:AllowedMultimediaTypes />
      <tcm:ComponentProcess xlink:type="simple" xlink:title="" xlink:href="tcm:0-0-0" />
      <tcm:BundleProcess xlink:type="simple" xlink:title="" xlink:href="tcm:0-0-0" />
      <tcm:DeleteBundleOnProcessFinished>false</tcm:DeleteBundleOnProcessFinished>
    </tcm:Data>
  </Data>
  <Dependencies>
    <Dependency dependencyType="Publication" itemUrl="/webdav/100%20Master" linkName="LocationInfo/ContextRepository" />
    <Dependency dependencyType="OrganizationalItemFolder" itemUrl="/webdav/100%20Master/Building%20Blocks/Modules/IntegrationForm/Editor/Schemas" linkName="LocationInfo/OrganizationalItem" />
    <Dependency dependencyType="EmbeddedSchema" itemUrl="/webdav/100%20Master/Building%20Blocks/Modules/IntegrationForm/Editor/Schemas/Integration%20Field.xsd" linkName="Xsd" xpath="xsd:schema[1]/xsd:include[1]/@schemaLocation" />
    <Dependency dependencyType="EmbeddedSchema" itemUrl="/webdav/100%20Master/Building%20Blocks/Modules/IntegrationForm/Editor/Schemas/Integration%20Field.xsd" linkName="Xsd" xpath="xsd:schema[1]/xsd:element[1]/xsd:complexType[1]/xsd:sequence[1]/xsd:element[5]/xsd:annotation[1]/xsd:appinfo[1]/tcm:EmbeddedSchema[1]/@xlink:href" />
  </Dependencies>
</PackageItem>