<PackageItem xmlns:tcm="http://www.tridion.com/ContentManager/5.0" xmlns:xlink="http://www.w3.org/1999/xlink" xmlns:xsd="http://www.w3.org/2001/XMLSchema" xmlns="http://www.sdltridion.com/ContentManager/ImportExport/Package/2013">
  <Data>
    <tcm:Data xmlns:tcmi="http://www.tridion.com/ContentManager/5.0/Instance" xmlns:xlink="http://www.w3.org/1999/xlink" xmlns:i="http://www.w3.org/2001/XMLSchema-instance">
      <tcm:Title>Integration Field</tcm:Title>
      <tcm:Description>Integration Field</tcm:Description>
      <tcm:Purpose>Embedded</tcm:Purpose>
      <tcm:NamespaceURI />
      <tcm:IsIndexable>true</tcm:IsIndexable>
      <tcm:IsPublishable>true</tcm:IsPublishable>
      <tcm:RootElementName>IntegrationField</tcm:RootElementName>
      <tcm:IsTridionWebSchema>true</tcm:IsTridionWebSchema>
      <tcm:XSD>
        <xsd:schema xmlns:xsd="http://www.w3.org/2001/XMLSchema" xmlns:tcmi="http://www.tridion.com/ContentManager/5.0/Instance" xmlns="" elementFormDefault="qualified">
  <xsd:import namespace="http://www.tridion.com/ContentManager/5.0/Instance" schemaLocation="/webdav/cm_xml_inst.xsd" />
  <xsd:annotation>
    <xsd:appinfo>
      <tcm:Labels xmlns:tcm="http://www.tridion.com/ContentManager/5.0">
        <tcm:Label ElementName="fieldName" Metadata="false">Field Name (Concrete field name)</tcm:Label>
        <tcm:Label ElementName="eclField" Metadata="false">ECL Field (Alternative way to define field name)</tcm:Label>
        <tcm:Label ElementName="fieldValue" Metadata="false">Field Value (plain value or expression)</tcm:Label>
        <tcm:Label ElementName="eclFieldValue" Metadata="false">ECL Field Value (alternative way to define field value)</tcm:Label>
        <tcm:Label ElementName="fieldType" Metadata="false">Field Type</tcm:Label>
        <tcm:Label ElementName="schemaField" Metadata="false">Schema Field?</tcm:Label>
      </tcm:Labels>
    </xsd:appinfo>
  </xsd:annotation>
  <xsd:complexType name="IntegrationField">
    <xsd:sequence>
      <xsd:element name="fieldName" minOccurs="0" maxOccurs="1" type="xsd:normalizedString">
        <xsd:annotation>
          <xsd:appinfo>
            <tcm:IsPublishable xmlns:tcm="http://www.tridion.com/ContentManager/5.0">true</tcm:IsPublishable>
            <tcm:IsIndexable xmlns:tcm="http://www.tridion.com/ContentManager/5.0">true</tcm:IsIndexable>
            <ExtensionXml xmlns="http://www.tridion.com/ContentManager/5.0" />
            <tcm:UseForAutoClassification xmlns:tcm="http://www.tridion.com/ContentManager/5.0">true</tcm:UseForAutoClassification>
          </xsd:appinfo>
        </xsd:annotation>
      </xsd:element>
      <xsd:element name="eclField" minOccurs="0" maxOccurs="1" type="tcmi:SimpleLink">
        <xsd:annotation>
          <xsd:appinfo>
            <tcm:IsPublishable xmlns:tcm="http://www.tridion.com/ContentManager/5.0">true</tcm:IsPublishable>
            <tcm:IsIndexable xmlns:tcm="http://www.tridion.com/ContentManager/5.0">true</tcm:IsIndexable>
            <ExtensionXml xmlns="http://www.tridion.com/ContentManager/5.0" />
            <tcm:linktype xmlns:tcm="http://www.tridion.com/ContentManager/5.0">MultimediaLink</tcm:linktype>
          </xsd:appinfo>
        </xsd:annotation>
      </xsd:element>
      <xsd:element name="fieldValue" minOccurs="0" maxOccurs="1" type="xsd:normalizedString">
        <xsd:annotation>
          <xsd:appinfo>
            <tcm:IsPublishable xmlns:tcm="http://www.tridion.com/ContentManager/5.0">true</tcm:IsPublishable>
            <tcm:IsIndexable xmlns:tcm="http://www.tridion.com/ContentManager/5.0">true</tcm:IsIndexable>
            <ExtensionXml xmlns="http://www.tridion.com/ContentManager/5.0" />
            <tcm:UseForAutoClassification xmlns:tcm="http://www.tridion.com/ContentManager/5.0">true</tcm:UseForAutoClassification>
          </xsd:appinfo>
        </xsd:annotation>
      </xsd:element>
      <xsd:element name="eclFieldValue" minOccurs="0" maxOccurs="1" type="tcmi:SimpleLink">
        <xsd:annotation>
          <xsd:appinfo>
            <tcm:IsPublishable xmlns:tcm="http://www.tridion.com/ContentManager/5.0">true</tcm:IsPublishable>
            <tcm:IsIndexable xmlns:tcm="http://www.tridion.com/ContentManager/5.0">true</tcm:IsIndexable>
            <ExtensionXml xmlns="http://www.tridion.com/ContentManager/5.0" />
            <tcm:linktype xmlns:tcm="http://www.tridion.com/ContentManager/5.0">MultimediaLink</tcm:linktype>
          </xsd:appinfo>
        </xsd:annotation>
      </xsd:element>
      <xsd:element name="fieldType" minOccurs="0" maxOccurs="1">
        <xsd:annotation>
          <xsd:appinfo>
            <tcm:IsPublishable xmlns:tcm="http://www.tridion.com/ContentManager/5.0">true</tcm:IsPublishable>
            <tcm:IsIndexable xmlns:tcm="http://www.tridion.com/ContentManager/5.0">true</tcm:IsIndexable>
            <ExtensionXml xmlns="http://www.tridion.com/ContentManager/5.0" />
            <tcm:UseForAutoClassification xmlns:tcm="http://www.tridion.com/ContentManager/5.0">true</tcm:UseForAutoClassification>
            <tcm:Size xmlns:tcm="http://www.tridion.com/ContentManager/5.0">1</tcm:Size>
            <tcm:listtype xmlns:tcm="http://www.tridion.com/ContentManager/5.0">select</tcm:listtype>
          </xsd:appinfo>
        </xsd:annotation>
        <xsd:simpleType>
          <xsd:restriction base="xsd:normalizedString">
            <xsd:enumeration value="String" />
            <xsd:enumeration value="Integer" />
            <xsd:enumeration value="Boolean" />
          </xsd:restriction>
        </xsd:simpleType>
      </xsd:element>
      <xsd:element name="schemaField" minOccurs="0" maxOccurs="1">
        <xsd:annotation>
          <xsd:appinfo>
            <tcm:IsPublishable xmlns:tcm="http://www.tridion.com/ContentManager/5.0">true</tcm:IsPublishable>
            <tcm:IsIndexable xmlns:tcm="http://www.tridion.com/ContentManager/5.0">true</tcm:IsIndexable>
            <ExtensionXml xmlns="http://www.tridion.com/ContentManager/5.0" />
            <tcm:UseForAutoClassification xmlns:tcm="http://www.tridion.com/ContentManager/5.0">true</tcm:UseForAutoClassification>
            <tcm:DefaultTextValue xmlns:tcm="http://www.tridion.com/ContentManager/5.0">True</tcm:DefaultTextValue>
            <tcm:Size xmlns:tcm="http://www.tridion.com/ContentManager/5.0">1</tcm:Size>
            <tcm:listtype xmlns:tcm="http://www.tridion.com/ContentManager/5.0">select</tcm:listtype>
          </xsd:appinfo>
        </xsd:annotation>
        <xsd:simpleType>
          <xsd:restriction base="xsd:normalizedString">
            <xsd:enumeration value="False" />
            <xsd:enumeration value="True" />
          </xsd:restriction>
        </xsd:simpleType>
      </xsd:element>
    </xsd:sequence>
  </xsd:complexType>
</xsd:schema>
      </tcm:XSD>
      <tcm:AllowedMultimediaTypes />
      <tcm:ComponentProcess xlink:type="simple" xlink:title="" xlink:href="tcm:0-0-0" />
      <tcm:BundleProcess xlink:type="simple" xlink:title="" xlink:href="tcm:0-0-0" />
      <tcm:DeleteBundleOnProcessFinished>false</tcm:DeleteBundleOnProcessFinished>
    </tcm:Data>
  </Data>
  <Dependencies>
    <Dependency dependencyType="Publication" itemUrl="/webdav/100%20Master" linkName="LocationInfo/ContextRepository" />
    <Dependency dependencyType="OrganizationalItemFolder" itemUrl="/webdav/100%20Master/Building%20Blocks/Modules/IntegrationForm/Editor/Schemas" linkName="LocationInfo/OrganizationalItem" />
  </Dependencies>
</PackageItem>