<PackageItem xmlns:tcm="http://www.tridion.com/ContentManager/5.0" xmlns:xlink="http://www.w3.org/1999/xlink" xmlns="http://www.sdltridion.com/ContentManager/ImportExport/Package/2013">
  <Data>
    <tcm:Data>
      <tcm:Title>CRM Tracking Category</tcm:Title>
      <tcm:XMLName>TrackingCategory</tcm:XMLName>
      <tcm:Description />
      <tcm:KeywordMetadataSchema xlink:type="simple" xlink:title="" xlink:href="tcm:0-0-0" />
      <tcm:UseForNavigation>true</tcm:UseForNavigation>
      <tcm:AllowedParentCategories>
        <tcm:Category xlink:type="simple" xlink:title="CRM Tracking Category" xlink:href="/webdav/100%20Master/CRM%20Tracking%20Category" />
      </tcm:AllowedParentCategories>
      <tcm:IsRoot>true</tcm:IsRoot>
      <tcm:UseForIdentification>false</tcm:UseForIdentification>
    </tcm:Data>
  </Data>
  <Dependencies>
    <Dependency dependencyType="Publication" itemUrl="/webdav/100%20Master" linkName="LocationInfo/ContextRepository" />
    <Dependency dependencyType="OrganizationalItemPublication" itemUrl="/webdav/100%20Master" linkName="LocationInfo/OrganizationalItem" />
    <Dependency dependencyType="AllowedParentCategory" itemUrl="/webdav/100%20Master/CRM%20Tracking%20Category" linkName="AllowedParentCategories[0]" />
  </Dependencies>
</PackageItem>