<Index dataContractVersion="201701" xmlns="http://www.sdltridion.com/ContentManager/ImportExport/Package/2013">
  <Item id="tcm:0-0-0" selected="false" exported="false">
    <Item id="tcm:0-1-1" title="000%20Empty" itemType="Publication" selected="false" exported="true">
      <Item id="tcm:1-1-2" title="Building%20Blocks" itemType="Folder" blueprintStatus="LocalItem" selected="true" exported="true">
        <Item id="76383a15d87a47f7997cbf92b718659d" title="Default%20Templates" itemType="Folder" selected="false" exported="false">
          <Item id="ed026a18e9944e6190f7e068b832a482" title="Default%20Component%20Template" extension="tctcmp" itemType="ComponentTemplate" selected="false" exported="false" />
          <Item id="d8ad489c1f4741799d705dd2f85fd70d" title="Default%20Dreamweaver%20Page%20Design" extension="dwt" itemType="TemplateBuildingBlock" selected="false" exported="false" />
          <Item id="08b3c8ba317d4e709550096a6c8a4ce3" title="Default%20Page%20Template" extension="tptcmp" itemType="PageTemplate" selected="false" exported="false" />
        </Item>
        <Item id="7e9f914b84b4436282926e38fdbf5624" title="Default%20Multimedia%20Schema" extension="xsd" itemType="Schema" selected="false" exported="false" />
      </Item>
      <Item id="181d8933767743f89838e215a3abbb05" title="Task%20Process" extension="tpd" itemType="ProcessDefinition" selected="false" exported="false" />
    </Item>
    <Item id="tcm:0-2-1" title="100%20Master" itemType="Publication" selected="true" exported="true">
      <Item id="tcm:2-1-2" title="Building%20Blocks" itemType="Folder" blueprintStatus="SharedItem" selected="true" exported="true">
        <Item id="e4f3786abf5646528f844ae050bf75cc" title="Default%20Templates" itemType="Folder" selected="false" exported="false">
          <Item id="7fa9ec80dbb34e12877d0d81c770be62" title="Default%20Component%20Template" extension="tctcmp" itemType="ComponentTemplate" selected="false" exported="false" />
          <Item id="be201766e5a34fba9c828221cf2beaa6" title="Default%20Dreamweaver%20Page%20Design" extension="dwt" itemType="TemplateBuildingBlock" selected="false" exported="false" />
        </Item>
        <Item id="c2b1da576370458d924412ab2b359e61" title="Framework" itemType="Folder" selected="false" exported="false">
          <Item id="fa9cdc71d0b646fca3f756bf2b353ca5" title="Developer" itemType="Folder" selected="false" exported="false">
            <Item id="1df83cbfd1dc44a2a3d6b9ef0629773e" title="Schemas" itemType="Folder" selected="false" exported="false">
              <Item id="f8048060ed7f4fa1ac1eca7d5acc5478" title="Component%20Template%20Metadata" extension="xsd" itemType="Schema" selected="false" exported="false" />
            </Item>
            <Item id="2421a7ee7bb84353af1b838402973a9b" title="Templates" itemType="Folder" selected="false" exported="false">
              <Item id="833ecccd9c0b466ca42353fbd7ab7f25" title="DXA%2ER2" itemType="Folder" selected="false" exported="false">
                <Item id="b7cc27ac986e41eea5362e9f602c4448" title="Default%20Component%20Template%20Finish%20Actions" extension="tbbcmp" itemType="TemplateBuildingBlock" selected="false" exported="false" />
                <Item id="d22c2b0f3cf04c139c82dcce32346175" title="Render%20Component%20Content" extension="tbbcmp" itemType="TemplateBuildingBlock" selected="false" exported="false" />
              </Item>
            </Item>
          </Item>
        </Item>
        <Item id="tcm:2-6-2" title="Modules" itemType="Folder" blueprintStatus="LocalItem" selected="true" exported="true">
          <Item id="b301056d6dca4fce95a181d2a3df2382" title="Core" itemType="Folder" selected="false" exported="false">
            <Item id="db950b13245f42ea95b4e1131405ec51" title="Editor" itemType="Folder" selected="false" exported="false">
              <Item id="813e56fa729844e88f3fc5cb3ef08623" title="Schemas" itemType="Folder" selected="false" exported="false">
                <Item id="62467fd515f741a7bc9b62e7a7a85705" title="Embedded" itemType="Folder" selected="false" exported="false">
                  <Item id="9c3dadf758d74e86b25b785fda7fe0bc" title="Link" extension="xsd" itemType="Schema" selected="false" exported="false" />
                </Item>
              </Item>
              <Item id="eb504a77fdad4efebdf58fcf35d9a657" title="Templates" itemType="Folder" selected="false" exported="false">
                <Item id="75b448b7a5d44488a884a64deb041c0f" title="Content%20Page" extension="tptcmp" itemType="PageTemplate" selected="false" exported="false" />
              </Item>
            </Item>
          </Item>
          <Item id="tcm:2-2186-2" title="IntegrationForm" itemType="Folder" blueprintStatus="LocalItem" selected="true" exported="true">
            <Item id="tcm:2-2187-2" title="Editor" itemType="Folder" blueprintStatus="LocalItem" selected="true" exported="true">
              <Item id="tcm:2-2188-2" title="Schemas" itemType="Folder" blueprintStatus="LocalItem" selected="true" exported="true">
                <Item id="tcm:2-2543-8" title="Form%20Field%20Validation%20Metadata" extension="xsd" itemType="Schema" subtype="2" blueprintStatus="LocalItem" selected="true" exported="true" />
                <Item id="tcm:2-2542-8" title="Form%20Field" extension="xsd" itemType="Schema" subtype="2" blueprintStatus="LocalItem" selected="true" exported="true" />
                <Item id="tcm:2-1378-8" title="Integration%20Form" extension="xsd" itemType="Schema" blueprintStatus="LocalItem" selected="true" exported="true" />
                <Item id="tcm:2-2552-8" title="Static%20Form%20Field" extension="xsd" itemType="Schema" subtype="2" blueprintStatus="LocalItem" selected="true" exported="true" />
              </Item>
              <Item id="tcm:2-2189-2" title="Templates" itemType="Folder" blueprintStatus="LocalItem" selected="true" exported="true">
                <Item id="tcm:2-1377-32" title="Integration%20Form" extension="tctcmp" itemType="ComponentTemplate" blueprintStatus="LocalItem" selected="true" exported="true" />
              </Item>
            </Item>
          </Item>
        </Item>
        <Item id="b89c1a5371484062bf50c2de761d00ad" title="Default%20Multimedia%20Schema" extension="xsd" itemType="Schema" selected="false" exported="false" />
      </Item>
      <Item id="tcm:2-2190-512" title="Integration%20Form%20Field%20Validation" itemType="Category" blueprintStatus="LocalItem" selected="true" exported="true">
        <Item id="tcm:2-2544-1024" title="Date" extension="tkw" itemType="Keyword" blueprintStatus="LocalItem" selected="true" exported="true" />
        <Item id="tcm:2-2545-1024" title="E-Mail" extension="tkw" itemType="Keyword" blueprintStatus="LocalItem" selected="true" exported="true" />
        <Item id="tcm:2-2546-1024" title="Is%20Required" extension="tkw" itemType="Keyword" blueprintStatus="LocalItem" selected="true" exported="true" />
        <Item id="tcm:2-2547-1024" title="Number" extension="tkw" itemType="Keyword" blueprintStatus="LocalItem" selected="true" exported="true" />
        <Item id="tcm:2-2548-1024" title="Phone" extension="tkw" itemType="Keyword" blueprintStatus="LocalItem" selected="true" exported="true" />
        <Item id="tcm:2-2549-1024" title="Text" extension="tkw" itemType="Keyword" blueprintStatus="LocalItem" selected="true" exported="true" />
        <Item id="tcm:2-2550-1024" title="Time" extension="tkw" itemType="Keyword" blueprintStatus="LocalItem" selected="true" exported="true" />
        <Item id="tcm:2-2551-1024" title="URL" extension="tkw" itemType="Keyword" blueprintStatus="LocalItem" selected="true" exported="true" />
      </Item>
      <Item id="838b7f70adfe4161a94f33c24a9b06b8" title="Task%20Process" extension="tpd" itemType="ProcessDefinition" selected="false" exported="false" />
    </Item>
  </Item>
</Index>