<Index dataContractVersion="201701" xmlns="http://www.sdltridion.com/ContentManager/ImportExport/Package/2013">
  <Item id="tcm:0-0-0" selected="false" exported="false">
    <Item id="tcm:0-1-1" title="000%20Empty" itemType="Publication" selected="false" exported="true">
      <Item id="tcm:1-1-2" title="Building%20Blocks" itemType="Folder" blueprintStatus="LocalItem" selected="true" exported="true">
        <Item id="056d7532dd024fd88661a23eb3cfb316" title="Default%20Templates" itemType="Folder" selected="false" exported="false">
          <Item id="82c206ecf9d64f7486d900821a802147" title="Default%20Component%20Template" extension="tctcmp" itemType="ComponentTemplate" selected="false" exported="false" />
          <Item id="6571277a348641b9b17cf4cb602bbdd8" title="Default%20Dreamweaver%20Page%20Design" extension="dwt" itemType="TemplateBuildingBlock" selected="false" exported="false" />
          <Item id="945cb3b0298d42f983590c6bcaaa2737" title="Default%20Page%20Template" extension="tptcmp" itemType="PageTemplate" selected="false" exported="false" />
        </Item>
        <Item id="8bd9ea36fd7e463c90cd4d18a74fe87a" title="Default%20Multimedia%20Schema" extension="xsd" itemType="Schema" selected="false" exported="false" />
      </Item>
      <Item id="d4a7c19c72be441d8582c10c9943f73a" title="Task%20Process" extension="tpd" itemType="ProcessDefinition" selected="false" exported="false" />
    </Item>
    <Item id="tcm:0-2-1" title="100%20Master" itemType="Publication" selected="true" exported="true">
      <Item id="tcm:2-1-2" title="Building%20Blocks" itemType="Folder" blueprintStatus="SharedItem" selected="true" exported="true">
        <Item id="3bf6849cd8fc47509efc4fd3e947eda3" title="Default%20Templates" itemType="Folder" selected="false" exported="false">
          <Item id="01e70df666b343fca5e8b063831ab14a" title="Default%20Component%20Template" extension="tctcmp" itemType="ComponentTemplate" selected="false" exported="false" />
          <Item id="b84279d0651d4894b8e069524c10f31b" title="Default%20Dreamweaver%20Page%20Design" extension="dwt" itemType="TemplateBuildingBlock" selected="false" exported="false" />
        </Item>
        <Item id="4b7bf6ba248c49348be522eed15c7907" title="Framework" itemType="Folder" selected="false" exported="false">
          <Item id="8092da4062e54cf4af772a90ea26d3c1" title="Developer" itemType="Folder" selected="false" exported="false">
            <Item id="af063100e4ad441cb05a2d23fff914a4" title="Schemas" itemType="Folder" selected="false" exported="false">
              <Item id="fc26ee6e1f6d47038885358b4c65a11c" title="Component%20Template%20Metadata" extension="xsd" itemType="Schema" selected="false" exported="false" />
            </Item>
            <Item id="73c23a134ebf4729858e9ce4eaf65adf" title="Templates" itemType="Folder" selected="false" exported="false">
              <Item id="0e902117b2d7463ea484f259a0c67222" title="DXA%2ER2" itemType="Folder" selected="false" exported="false">
                <Item id="de761a9e4b564ca7bd95e60583945da7" title="Default%20Component%20Template%20Finish%20Actions" extension="tbbcmp" itemType="TemplateBuildingBlock" selected="false" exported="false" />
                <Item id="fd82237b37db4b15b57d1ee7fa06fa14" title="Render%20Component%20Content" extension="tbbcmp" itemType="TemplateBuildingBlock" selected="false" exported="false" />
              </Item>
            </Item>
          </Item>
        </Item>
        <Item id="tcm:2-6-2" title="Modules" itemType="Folder" blueprintStatus="LocalItem" selected="true" exported="true">
          <Item id="16f66838dfe14057add154664c6f16c8" title="Core" itemType="Folder" selected="false" exported="false">
            <Item id="34ec8d2350494203ba3d72b3e539502a" title="Editor" itemType="Folder" selected="false" exported="false">
              <Item id="24333d8d3e434dc6aceecbdca78baae4" title="Schemas" itemType="Folder" selected="false" exported="false">
                <Item id="c0d20dd4fed64dc9a4d8ac79c499f4bd" title="Embedded" itemType="Folder" selected="false" exported="false">
                  <Item id="ce83ef71e0454176af4c8d5a2ac20dc6" title="Link" extension="xsd" itemType="Schema" selected="false" exported="false" />
                </Item>
              </Item>
              <Item id="51ff2c96b5ec4a629e81288d8167e96f" title="Templates" itemType="Folder" selected="false" exported="false">
                <Item id="59c6a04fbdf74991baa04ace6552b780" title="Content%20Page" extension="tptcmp" itemType="PageTemplate" selected="false" exported="false" />
              </Item>
            </Item>
          </Item>
          <Item id="tcm:2-2186-2" title="IntegrationForm" itemType="Folder" blueprintStatus="LocalItem" selected="true" exported="true">
            <Item id="tcm:2-2187-2" title="Editor" itemType="Folder" blueprintStatus="LocalItem" selected="true" exported="true">
              <Item id="tcm:2-2188-2" title="Schemas" itemType="Folder" blueprintStatus="LocalItem" selected="true" exported="true">
                <Item id="tcm:2-2543-8" title="Form%20Field%20Validation%20Metadata" extension="xsd" itemType="Schema" subtype="2" blueprintStatus="LocalItem" selected="true" exported="true" />
                <Item id="tcm:2-2542-8" title="Form%20Field" extension="xsd" itemType="Schema" subtype="2" blueprintStatus="LocalItem" selected="true" exported="true" />
                <Item id="tcm:2-7889-8" title="Integration%20Field" extension="xsd" itemType="Schema" subtype="2" blueprintStatus="LocalItem" selected="true" exported="true" />
                <Item id="tcm:2-1378-8" title="Integration%20Form" extension="xsd" itemType="Schema" blueprintStatus="LocalItem" selected="true" exported="true" />
                <Item id="tcm:2-7888-8" title="Invisible%20Form%20Widget" extension="xsd" itemType="Schema" blueprintStatus="LocalItem" selected="true" exported="true" />
                <Item id="tcm:2-2552-8" title="Static%20Form%20Field" extension="xsd" itemType="Schema" subtype="2" blueprintStatus="LocalItem" selected="true" exported="true" />
              </Item>
              <Item id="tcm:2-2189-2" title="Templates" itemType="Folder" blueprintStatus="LocalItem" selected="true" exported="true">
                <Item id="tcm:2-7915-32" title="ECL%20Form" extension="tctcmp" itemType="ComponentTemplate" blueprintStatus="LocalItem" selected="true" exported="true" />
                <Item id="tcm:2-1377-32" title="Integration%20Form" extension="tctcmp" itemType="ComponentTemplate" blueprintStatus="LocalItem" selected="true" exported="true" />
                <Item id="tcm:2-7886-32" title="Invisible%20Form%20Widget" extension="tctcmp" itemType="ComponentTemplate" blueprintStatus="LocalItem" selected="true" exported="true" />
              </Item>
            </Item>
          </Item>
        </Item>
        <Item id="10ff20490fa4449ca161d24f866337be" title="Default%20Multimedia%20Schema" extension="xsd" itemType="Schema" selected="false" exported="false" />
      </Item>
      <Item id="tcm:2-2190-512" title="Integration%20Form%20Field%20Validation" itemType="Category" blueprintStatus="LocalItem" selected="true" exported="true">
        <Item id="tcm:2-2544-1024" title="Date" extension="tkw" itemType="Keyword" blueprintStatus="LocalItem" selected="true" exported="true" />
        <Item id="tcm:2-2545-1024" title="E-Mail" extension="tkw" itemType="Keyword" blueprintStatus="LocalItem" selected="true" exported="true" />
        <Item id="tcm:2-2546-1024" title="Is%20Required" extension="tkw" itemType="Keyword" blueprintStatus="LocalItem" selected="true" exported="true" />
        <Item id="tcm:2-2547-1024" title="Number" extension="tkw" itemType="Keyword" blueprintStatus="LocalItem" selected="true" exported="true" />
        <Item id="tcm:2-2548-1024" title="Phone" extension="tkw" itemType="Keyword" blueprintStatus="LocalItem" selected="true" exported="true" />
        <Item id="tcm:2-2549-1024" title="Text" extension="tkw" itemType="Keyword" blueprintStatus="LocalItem" selected="true" exported="true" />
        <Item id="tcm:2-2550-1024" title="Time" extension="tkw" itemType="Keyword" blueprintStatus="LocalItem" selected="true" exported="true" />
        <Item id="tcm:2-2551-1024" title="URL" extension="tkw" itemType="Keyword" blueprintStatus="LocalItem" selected="true" exported="true" />
      </Item>
      <Item id="3f41ada07eda48db8bcdb1f9088affd2" title="Task%20Process" extension="tpd" itemType="ProcessDefinition" selected="false" exported="false" />
    </Item>
  </Item>
</Index>