<PackageItem xmlns:tcm="http://www.tridion.com/ContentManager/5.0" xmlns:xlink="http://www.w3.org/1999/xlink" xmlns:xsd="http://www.w3.org/2001/XMLSchema" xmlns="http://www.sdltridion.com/ContentManager/ImportExport/Package/2013">
  <Data>
    <tcm:Data xmlns:xlink="http://www.w3.org/1999/xlink" xmlns:i="http://www.w3.org/2001/XMLSchema-instance">
      <tcm:Title>Tracking Widget</tcm:Title>
      <tcm:Description>Tracking Widget</tcm:Description>
      <tcm:Purpose>Component</tcm:Purpose>
      <tcm:NamespaceURI>uuid:2816515f-4144-4f2e-88e4-bb15c6062126</tcm:NamespaceURI>
      <tcm:RootElementName>TrackingWidget</tcm:RootElementName>
      <tcm:IsTridionWebSchema>true</tcm:IsTridionWebSchema>
      <tcm:XSD>
        <xsd:schema xmlns:xsd="http://www.w3.org/2001/XMLSchema" xmlns="uuid:2816515f-4144-4f2e-88e4-bb15c6062126" xmlns:tcmi="http://www.tridion.com/ContentManager/5.0/Instance" xmlns:category="tcm:0-2-1/Categories.xsd" elementFormDefault="qualified" targetNamespace="uuid:2816515f-4144-4f2e-88e4-bb15c6062126">
  <xsd:import namespace="http://www.tridion.com/ContentManager/5.0/Instance" schemaLocation="/webdav/cm_xml_inst.xsd" />
  <xsd:import namespace="tcm:0-2-1/Categories.xsd" schemaLocation="/webdav/100%20Master/Categories.xsd" />
  <xsd:annotation>
    <xsd:appinfo>
      <tcm:Labels xmlns:tcm="http://www.tridion.com/ContentManager/5.0">
        <tcm:Label ElementName="trackedCategories" Metadata="false">Tracked Categories</tcm:Label>
      </tcm:Labels>
    </xsd:appinfo>
  </xsd:annotation>
  <xsd:element name="TrackingWidget">
    <xsd:complexType>
      <xsd:sequence>
        <xsd:element name="trackedCategories" minOccurs="0" maxOccurs="unbounded" type="category:TrackingCategory">
          <xsd:annotation>
            <xsd:appinfo>
              <ExtensionXml xmlns="http://www.tridion.com/ContentManager/5.0" />
              <tcm:Size xmlns:tcm="http://www.tridion.com/ContentManager/5.0">1</tcm:Size>
              <tcm:listtype xmlns:tcm="http://www.tridion.com/ContentManager/5.0">tree</tcm:listtype>
            </xsd:appinfo>
          </xsd:annotation>
        </xsd:element>
      </xsd:sequence>
    </xsd:complexType>
  </xsd:element>
</xsd:schema>
      </tcm:XSD>
      <tcm:AllowedMultimediaTypes />
      <tcm:ComponentProcess xlink:type="simple" xlink:title="" xlink:href="tcm:0-0-0" />
      <tcm:BundleProcess xlink:type="simple" xlink:title="" xlink:href="tcm:0-0-0" />
      <tcm:DeleteBundleOnProcessFinished>false</tcm:DeleteBundleOnProcessFinished>
    </tcm:Data>
  </Data>
  <Dependencies>
    <Dependency dependencyType="Publication" itemUrl="/webdav/100%20Master" linkName="LocationInfo/ContextRepository" />
    <Dependency dependencyType="OrganizationalItemFolder" itemUrl="/webdav/100%20Master/Building%20Blocks/Modules/CRM/Editor/Schemas" linkName="LocationInfo/OrganizationalItem" />
    <Dependency dependencyType="Category" itemUrl="/webdav/100%20Master/CRM%20Tracking%20Category" linkName="Xsd" />
  </Dependencies>
</PackageItem>