<Index dataContractVersion="201701" xmlns="http://www.sdltridion.com/ContentManager/ImportExport/Package/2013">
  <Item id="tcm:0-0-0" selected="false" exported="true">
    <ApplicationIds>
      <ApplicationId>http://www.sdl.com/tridion/SemanticMapping/vocabularies</ApplicationId>
    </ApplicationIds>
    <Item id="tcm:0-1-1" title="000%20Empty" itemType="Publication" selected="false" exported="true">
      <Item id="tcm:1-1-2" title="Building%20Blocks" itemType="Folder" blueprintStatus="LocalItem" selected="true" exported="true">
        <Item id="5c867c2f2af74296bc954f76680acb67" title="Default%20Templates" itemType="Folder" selected="false" exported="false">
          <Item id="8ce904f9cca84bfeb9bd432ea79aa8be" title="Default%20Component%20Template" extension="tctcmp" itemType="ComponentTemplate" selected="false" exported="false" />
          <Item id="f0a7310fe73544d9bcdcbef613ce5c5c" title="Default%20Dreamweaver%20Page%20Design" extension="dwt" itemType="TemplateBuildingBlock" selected="false" exported="false" />
          <Item id="a3f27e91296849a0a36e3264926a3f8e" title="Default%20Page%20Template" extension="tptcmp" itemType="PageTemplate" selected="false" exported="false" />
        </Item>
        <Item id="b826ead5b2d74b8eb8b4ad608db88128" title="Default%20Multimedia%20Schema" extension="xsd" itemType="Schema" selected="false" exported="false" />
      </Item>
      <Item id="5ab3b73485634948ba859565d60bd099" title="Task%20Process" extension="tpd" itemType="ProcessDefinition" selected="false" exported="false" />
    </Item>
    <Item id="tcm:0-2-1" title="100%20Master" itemType="Publication" selected="true" exported="true">
      <Item id="tcm:2-1-2" title="Building%20Blocks" itemType="Folder" blueprintStatus="SharedItem" selected="true" exported="true">
        <Item id="5a4651cd04f74ea989992da318d2a1e6" title="Default%20Templates" itemType="Folder" selected="false" exported="false">
          <Item id="a1dc5635057c4cc7ac049e0f120ff164" title="Default%20Component%20Template" extension="tctcmp" itemType="ComponentTemplate" selected="false" exported="false" />
          <Item id="a1ba0a6ca6bc4c2aa3f7e58fafb1859c" title="Default%20Dreamweaver%20Component%20Design" extension="dwt" itemType="TemplateBuildingBlock" selected="false" exported="false" />
          <Item id="d76163d8e6a844ff8333c5c71b507cbb" title="Default%20Dreamweaver%20Page%20Design" extension="dwt" itemType="TemplateBuildingBlock" selected="false" exported="false" />
          <Item id="e585a84db07b41339e3d46244fd65239" title="Default%20Finish%20Actions" extension="tbbcmp" itemType="TemplateBuildingBlock" selected="false" exported="false" />
        </Item>
        <Item id="bb8bbee34e0c49f98884a42857b136eb" title="Framework" itemType="Folder" selected="false" exported="false">
          <Item id="5437625ef34945cdb93f387ed4815a76" title="Developer" itemType="Folder" selected="false" exported="false">
            <Item id="fb60478fb44d4aab9577f3f5276a5731" title="Schemas" itemType="Folder" selected="false" exported="false">
              <Item id="be1b41688c0c4abcbd1e3c96a978ac74" title="Component%20Template%20Metadata" extension="xsd" itemType="Schema" selected="false" exported="false" />
            </Item>
          </Item>
        </Item>
        <Item id="tcm:2-6-2" title="Modules" itemType="Folder" blueprintStatus="LocalItem" selected="true" exported="true">
          <Item id="031addbf8fd9458ebf89ce48117373b1" title="Core" itemType="Folder" selected="false" exported="false">
            <Item id="2cec535814a2466a89ed9af53f51df12" title="Editor" itemType="Folder" selected="false" exported="false">
              <Item id="ca828e142c4b4db0a84d888c294d0faf" title="Templates" itemType="Folder" selected="false" exported="false">
                <Item id="5807b70241e9432482f6c6761cca8b83" title="Content%20Page" extension="tptcmp" itemType="PageTemplate" selected="false" exported="false" />
              </Item>
            </Item>
          </Item>
          <Item id="tcm:2-80-2" title="ECommerce" itemType="Folder" blueprintStatus="LocalItem" selected="true" exported="true">
            <Item id="tcm:2-82-2" title="Editor" itemType="Folder" blueprintStatus="LocalItem" selected="true" exported="true">
              <Item id="tcm:2-1143-2" title="Templates" itemType="Folder" blueprintStatus="LocalItem" selected="true" exported="true">
                <Item id="tcm:2-381-32" title="Product" extension="tctcmp" itemType="ComponentTemplate" blueprintStatus="LocalItem" selected="true" exported="true" />
              </Item>
            </Item>
          </Item>
        </Item>
        <Item id="bc587910dabf4a5b83ff5bc4b9770f92" title="Default%20Multimedia%20Schema" extension="xsd" itemType="Schema" selected="false" exported="false" />
      </Item>
      <Item id="3ca844039d8d437b9a955ac5719165ae" title="Task%20Process" extension="tpd" itemType="ProcessDefinition" selected="false" exported="false" />
    </Item>
  </Item>
</Index>